fecha,dia,semana,pos_semana,numero,estado,nota
2026-06-01,lunes,1,1,7996,historico_previo,Junio-julio 2026 (agregado 03/10)
2026-06-02,martes,1,2,4848,historico_previo,Junio-julio 2026 (agregado 03/10)
2026-06-03,miercoles,1,3,0730,historico_previo,Junio-julio 2026 (agregado 03/10)
2026-06-04,jueves,1,4,1127,historico_previo,Junio-julio 2026 (agregado 03/10)
2026-06-05,viernes,1,5,7213,historico_previo,Junio-julio 2026 (agregado 03/10)
2026-06-06,sabado,1,6,8374,historico_previo,Junio-julio 2026 (agregado 03/10)
2026-06-08,lunes,2,1,0416,historico_previo,Junio-julio 2026 (agregado 03/10)
2026-06-09,martes,2,2,0354,historico_previo,Junio-julio 2026 (agregado 03/10)
2026-06-10,miercoles,2,3,2773,historico_previo,Junio-julio 2026 (agregado 03/10)
2026-06-11,jueves,2,4,8361,historico_previo,Junio-julio 2026 (agregado 03/10)
2026-06-12,viernes,2,5,2649,historico_previo,Junio-julio 2026 (agregado 03/10)
2026-06-13,sabado,2,6,5780,historico_previo,Junio-julio 2026 (agregado 03/10)
2026-06-15,lunes,3,1,0943,historico_previo,Junio-julio 2026 (agregado 03/10)
2026-06-16,martes,3,2,7691,historico_previo,Junio-julio 2026 (agregado 03/10)
2026-06-17,miercoles,3,3,7495,historico_previo,Junio-julio 2026 (agregado 03/10)
2026-06-18,jueves,3,4,7149,historico_previo,Junio-julio 2026 (agregado 03/10)
2026-06-19,viernes,3,5,8491,historico_previo,Junio-julio 2026 (agregado 03/10)
2026-06-20,sabado,3,6,0148,historico_previo,Junio-julio 2026 (agregado 03/10)
2026-06-22,lunes,4,1,6181,historico_previo,Junio-julio 2026 (agregado 03/10)
2026-06-23,martes,4,2,5719,historico_previo,Junio-julio 2026 (agregado 03/10)
2026-06-24,miercoles,4,3,8369,historico_previo,Junio-julio 2026 (agregado 03/10)
2026-06-25,jueves,4,4,5351,historico_previo,Junio-julio 2026 (agregado 03/10)
2026-06-26,viernes,4,5,3617,historico_previo,Junio-julio 2026 (agregado 03/10)
2026-06-27,sabado,4,6,4693,historico_previo,Junio-julio 2026 (agregado 03/10)
2026-06-29,lunes,5,1,1640,historico_previo,Junio-julio 2026 (agregado 03/10)
2026-06-30,martes,5,2,2875,historico_previo,Junio-julio 2026 (agregado 03/10)
2026-07-01,miercoles,5,3,6583,historico_previo,Junio-julio 2026 (agregado 03/10)
2026-07-02,jueves,5,4,1598,historico_previo,Junio-julio 2026 (agregado 03/10)
2026-07-03,viernes,5,5,9592,historico_previo,Sabado 04/07/2026 sin sorteo (confirmado por el usuario): esta semana tiene 5 resultados
2026-07-06,lunes,6,1,3359,historico_previo,Junio-julio 2026 (agregado 03/10)
2026-07-07,martes,6,2,8187,historico_previo,Junio-julio 2026 (agregado 03/10)
2026-07-08,miercoles,6,3,2994,historico_previo,Junio-julio 2026 (agregado 03/10)
2026-07-09,jueves,6,4,4573,historico_previo,Junio-julio 2026 (agregado 03/10)
2026-07-10,viernes,6,5,1371,historico_previo,Junio-julio 2026 (agregado 03/10)
2026-07-11,sabado,6,6,2631,historico_previo,Junio-julio 2026 (agregado 03/10)
2026-07-13,lunes,7,1,4339,historico_previo,Junio-julio 2026 (agregado 03/10)
2026-07-14,martes,7,2,3990,historico_previo,Junio-julio 2026 (agregado 03/10)
2026-07-15,miercoles,7,3,0517,historico_previo,Junio-julio 2026 (agregado 03/10)
2026-07-16,jueves,7,4,8537,historico_previo,Junio-julio 2026 (agregado 03/10)
2026-07-17,viernes,7,5,2243,historico_previo,Junio-julio 2026 (agregado 03/10)
2026-07-18,sabado,7,6,2385,historico_previo,Junio-julio 2026 (agregado 03/10)
2026-07-20,lunes,8,1,7572,historico_previo,Junio-julio 2026 (agregado 03/10)
2026-07-21,martes,8,2,6327,historico_previo,Junio-julio 2026 (agregado 03/10)
2026-07-22,miercoles,8,3,6563,historico_previo,Junio-julio 2026 (agregado 03/10)
2026-07-23,jueves,8,4,0103,historico_previo,Junio-julio 2026 (agregado 03/10)
2026-07-24,viernes,8,5,2427,historico_previo,Junio-julio 2026 (agregado 03/10)
2026-07-25,sabado,8,6,6295,historico_previo,Junio-julio 2026 (agregado 03/10)
2026-07-27,lunes,9,1,9360,historico_previo,Junio-julio 2026 (agregado 03/10)
2026-07-28,martes,9,2,8685,historico_previo,Junio-julio 2026 (agregado 03/10)
2026-07-29,miercoles,9,3,0118,historico_previo,Junio-julio 2026 (agregado 03/10)
2026-07-30,jueves,9,4,3789,historico_previo,Junio-julio 2026 (agregado 03/10)
2026-07-31,viernes,9,5,3709,historico_previo,Junio-julio 2026 (agregado 03/10)
2026-08-01,sabado,9,6,6968,autoritativo,
2026-08-03,lunes,10,1,1616,autoritativo,
2026-08-04,martes,10,2,8463,autoritativo,
2026-08-05,miercoles,10,3,4738,autoritativo,
2026-08-06,jueves,10,4,0473,autoritativo,
2026-08-07,viernes,10,5,2286,autoritativo,
2026-08-08,sabado,10,6,0994,autoritativo,
2026-08-10,lunes,11,1,4894,autoritativo,
2026-08-11,martes,11,2,1640,autoritativo,
2026-08-12,miercoles,11,3,3382,autoritativo,
2026-08-13,jueves,11,4,1250,autoritativo,
2026-08-14,viernes,11,5,2548,autoritativo,
2026-08-15,sabado,11,6,9834,autoritativo,
2026-08-17,lunes,12,1,6918,autoritativo,
2026-08-18,martes,12,2,3057,autoritativo,
2026-08-19,miercoles,12,3,3654,autoritativo,Dato real confirmado: 3654 aparece dos veces
2026-08-20,jueves,12,4,4711,autoritativo,
2026-08-21,viernes,12,5,9533,autoritativo,
2026-08-22,sabado,12,6,5642,autoritativo,
2026-08-24,lunes,13,1,8518,autoritativo,
2026-08-25,martes,13,2,8694,autoritativo,
2026-08-26,miercoles,13,3,9426,autoritativo,
2026-08-27,jueves,13,4,8675,autoritativo,
2026-08-28,viernes,13,5,2542,autoritativo,
2026-08-29,sabado,13,6,0571,autoritativo,
2026-08-31,lunes,14,1,5450,autoritativo,
2026-09-01,martes,14,2,6292,autoritativo,
2026-09-02,miercoles,14,3,3654,autoritativo,Dato real confirmado: 3654 aparece dos veces
2026-09-03,jueves,14,4,1924,autoritativo,
2026-09-04,viernes,14,5,8325,autoritativo,
2026-09-05,sabado,14,6,7543,autoritativo,
2026-09-07,lunes,15,1,5807,autoritativo,
2026-09-08,martes,15,2,1831,autoritativo,
2026-09-09,miercoles,15,3,4378,autoritativo,
2026-09-10,jueves,15,4,2497,autoritativo,
2026-09-11,viernes,15,5,7942,autoritativo,
2026-09-12,sabado,15,6,6971,autoritativo,
2026-09-14,lunes,16,1,4175,autoritativo,
2026-09-15,martes,16,2,7783,autoritativo,
2026-09-16,miercoles,16,3,6906,autoritativo,
2026-09-17,jueves,16,4,5833,autoritativo,
2026-09-18,viernes,16,5,1971,autoritativo,
2026-09-19,sabado,16,6,6390,autoritativo,
2026-09-21,lunes,17,1,3836,autoritativo,
2026-09-22,martes,17,2,6732,autoritativo,
2026-09-23,miercoles,17,3,2337,autoritativo,
2026-09-24,jueves,17,4,6811,autoritativo,
2026-09-25,viernes,17,5,0545,autoritativo,
2026-09-26,sabado,17,6,8173,autoritativo,
2026-09-28,lunes,18,1,0565,autoritativo,Incorporado 03/10 (seccion 9.4: era conocido; medido solo como auditoria)
2026-09-29,martes,18,2,8230,autoritativo,Incorporado 03/10 (seccion 9.4: era conocido; medido solo como auditoria)
2026-09-30,miercoles,18,3,0438,autoritativo,Incorporado 03/10 (seccion 9.4: era conocido; medido solo como auditoria)
2026-10-01,jueves,18,4,9281,autoritativo,Revelado 04/10 (prueba del 01/10)
2026-10-02,viernes,18,5,0505,autoritativo,Revelado 04/10 (prueba ciega del 02/10)
